date,streamflow
2016-01-01,1.91
2016-01-02,1.68
2016-01-03,1.51
2016-01-04,1.4
2016-01-05,1.32
2016-01-06,1.26
2016-01-07,1.23
2016-01-08,1.42
2016-01-09,1.73
2016-01-10,3.38
2016-01-11,9.75
2016-01-12,7.51
2016-01-13,5.17
2016-01-14,3.6
2016-01-15,2.67
2016-01-16,2.2
2016-01-17,1.98
2016-01-18,2.21
2016-01-19,2.22
2016-01-20,1.35
2016-01-21,1.17
2016-01-22,1.04
2016-01-23,0.946
2016-01-24,0.873
2016-01-25,0.805
2016-01-26,0.783
2016-01-27,0.907
2016-01-28,0.906
2016-01-29,0.896
2016-01-30,0.856
2016-01-31,0.825
2016-02-01,3.55
2016-02-02,5.74
2016-02-03,4.4
2016-02-04,5.63
2016-02-05,5.1
2016-02-06,3.75
2016-02-07,2.73
2016-02-08,2.04
2016-02-09,1.59
2016-02-10,1.31
2016-02-11,1.11
2016-02-12,0.937
2016-02-13,0.791
2016-02-14,0.672
2016-02-15,0.583
2016-02-16,0.82
2016-02-17,2.56
2016-02-18,3.66
2016-02-19,3.26
2016-02-20,3.95
2016-02-21,8.11
2016-02-22,6.89
2016-02-23,5.31
2016-02-24,4.61
2016-02-25,11.5
2016-02-26,10.8
2016-02-27,8.41
2016-02-28,6.83
2016-02-29,5.93
2016-03-01,5.04
2016-03-02,4.13
2016-03-03,3.53
2016-03-04,3.07
2016-03-05,2.66
2016-03-06,2.34
2016-03-07,2.16
2016-03-08,2.7
2016-03-09,9.97
2016-03-10,19.9
2016-03-11,18.6
2016-03-12,19.1
2016-03-13,18.2
2016-03-14,14.5
2016-03-15,14.0
2016-03-16,15.9
2016-03-17,18.0
2016-03-18,15.7
2016-03-19,11.0
2016-03-20,7.03
2016-03-21,5.58
2016-03-22,4.79
2016-03-23,4.63
2016-03-24,4.53
2016-03-25,4.07
2016-03-26,4.3
2016-03-27,5.36
2016-03-28,10.7
2016-03-29,14.7
2016-03-30,10.2
2016-03-31,13.2
2016-04-01,16.0
2016-04-02,13.1
2016-04-03,8.13
2016-04-04,5.53
2016-04-05,4.42
2016-04-06,3.91
2016-04-07,4.41
2016-04-08,11.5
2016-04-09,9.81
2016-04-10,7.24
2016-04-11,7.16
2016-04-12,9.91
2016-04-13,8.11
2016-04-14,6.19
2016-04-15,5.11
2016-04-16,4.45
2016-04-17,3.97
2016-04-18,3.62
2016-04-19,3.77
2016-04-20,3.13
2016-04-21,2.45
2016-04-22,2.4
2016-04-23,2.4
2016-04-24,2.05
2016-04-25,1.71
2016-04-26,1.52
2016-04-27,1.34
2016-04-28,1.13
2016-04-29,0.943
2016-04-30,0.893
2016-05-01,0.878
2016-05-02,0.934
2016-05-03,0.958
2016-05-04,0.894
2016-05-05,0.821
2016-05-06,0.747
2016-05-07,0.688
2016-05-08,0.686
2016-05-09,0.69
2016-05-10,0.617
2016-05-11,0.565
2016-05-12,0.528
2016-05-13,0.517
2016-05-14,0.517
2016-05-15,0.528
2016-05-16,0.442
2016-05-17,0.383
2016-05-18,0.352
2016-05-19,0.337
2016-05-20,0.318
2016-05-21,0.295
2016-05-22,0.279
2016-05-23,0.259
2016-05-24,0.289
2016-05-25,0.262
2016-05-26,0.241
2016-05-27,0.237
2016-05-28,0.197
2016-05-29,0.16
2016-05-30,0.142
2016-05-31,0.124
2016-06-01,0.118
2016-06-02,0.114
2016-06-03,0.107
2016-06-04,0.099
2016-06-05,0.161
2016-06-06,0.295
2016-06-07,0.267
2016-06-08,0.352
2016-06-09,0.279
2016-06-10,0.24
2016-06-11,0.2
2016-06-12,0.179
2016-06-13,0.155
2016-06-14,0.132
2016-06-15,0.115
2016-06-16,0.109
2016-06-17,0.097
2016-06-18,0.081
2016-06-19,0.071
2016-06-20,0.056
2016-06-21,0.051
2016-06-22,0.055
2016-06-23,0.059
2016-06-24,0.038
2016-06-25,0.028
2016-06-26,0.014
2016-06-27,0.023
2016-06-28,0.041
2016-06-29,0.191
2016-06-30,0.178
2016-07-01,0.11
2016-07-02,0.088
2016-07-03,0.066
2016-07-04,0.06
2016-07-05,0.049
2016-07-06,0.039
2016-07-07,0.036
2016-07-08,0.028
2016-07-09,0.263
2016-07-10,0.626
2016-07-11,0.41
2016-07-12,0.278
2016-07-13,0.2
2016-07-14,0.178
2016-07-15,0.192
2016-07-16,0.275
2016-07-17,0.226
2016-07-18,0.124
2016-07-19,0.105
2016-07-20,0.082
2016-07-21,0.068
2016-07-22,0.074
2016-07-23,0.076
2016-07-24,0.071
2016-07-25,0.079
2016-07-26,0.172
2016-07-27,0.133
2016-07-28,0.084
2016-07-29,0.062
2016-07-30,0.041
2016-07-31,0.031
2016-08-01,0.027
2016-08-02,0.023
2016-08-03,0.021
2016-08-04,0.017
2016-08-05,0.013
2016-08-06,0.012
2016-08-07,0.01
2016-08-08,0.009
2016-08-09,0.007
2016-08-10,0.011
2016-08-11,0.012
2016-08-12,0.037
2016-08-13,0.136
2016-08-14,0.401
2016-08-15,0.233
2016-08-16,0.272
2016-08-17,4.24
2016-08-18,2.83
2016-08-19,1.55
2016-08-20,0.983
2016-08-21,1.11
2016-08-22,1.98
2016-08-23,1.35
2016-08-24,0.92
2016-08-25,0.65
2016-08-26,0.513
2016-08-27,0.387
2016-08-28,0.312
2016-08-29,0.302
2016-08-30,0.219
2016-08-31,0.236
2016-09-01,0.254
2016-09-02,0.183
2016-09-03,0.132
2016-09-04,0.102
2016-09-05,0.084
2016-09-06,0.069
2016-09-07,0.061
2016-09-08,0.08
2016-09-09,0.089
2016-09-10,0.068
2016-09-11,0.116
2016-09-12,0.086
2016-09-13,0.054
2016-09-14,0.043
2016-09-15,0.034
2016-09-16,0.026
2016-09-17,0.025
2016-09-18,0.035
2016-09-19,0.035
2016-09-20,0.024
2016-09-21,0.016
2016-09-22,0.014
2016-09-23,0.019
2016-09-24,0.017
2016-09-25,0.011
2016-09-26,0.014
2016-09-27,0.022
2016-09-28,0.017
2016-09-29,0.017
2016-09-30,0.015
2016-10-01,0.02
2016-10-02,0.027
2016-10-03,0.041
2016-10-04,0.038
2016-10-05,0.029
2016-10-06,0.028
2016-10-07,0.02
2016-10-08,0.043
2016-10-09,0.087
2016-10-10,0.046
2016-10-11,0.033
2016-10-12,0.027
2016-10-13,0.027
2016-10-14,0.027
2016-10-15,0.023
2016-10-16,0.041
2016-10-17,0.072
2016-10-18,0.125
2016-10-19,0.197
2016-10-20,0.18
2016-10-21,4.26
2016-10-22,6.03
2016-10-23,6.2
2016-10-24,3.18
2016-10-25,1.81
2016-10-26,1.21
2016-10-27,0.944
2016-10-28,1.92
2016-10-29,2.54
2016-10-30,2.48
2016-10-31,1.86
2016-11-01,1.45
2016-11-02,1.17
2016-11-03,1.14
2016-11-04,1.64
2016-11-05,1.67
2016-11-06,1.35
2016-11-07,1.1
2016-11-08,0.95
2016-11-09,0.862
2016-11-10,0.785
2016-11-11,0.734
2016-11-12,0.666
2016-11-13,0.581
2016-11-14,0.545
2016-11-15,0.501
2016-11-16,0.521
2016-11-17,0.555
2016-11-18,0.557
2016-11-19,0.521
2016-11-20,0.578
2016-11-21,0.787
2016-11-22,0.922
2016-11-23,0.914
2016-11-24,0.905
2016-11-25,0.92
2016-11-26,1.03
2016-11-27,1.4
2016-11-28,1.33
2016-11-29,1.15
2016-11-30,1.63
2016-12-01,9.58
2016-12-02,7.74
2016-12-03,5.02
2016-12-04,3.35
2016-12-05,2.52
2016-12-06,2.04
2016-12-07,1.95
2016-12-08,1.95
2016-12-09,1.83
2016-12-10,1.48
2016-12-11,1.29
2016-12-12,1.25
2016-12-13,1.24
2016-12-14,1.22
2016-12-15,1.13
2016-12-16,1.08
2016-12-17,1.03
2016-12-18,0.986
2016-12-19,0.953
2016-12-20,0.945
2016-12-21,1.01
2016-12-22,1.04
2016-12-23,1.06
2016-12-24,1.13
2016-12-25,1.25
2016-12-26,1.55
2016-12-27,3.84
2016-12-28,7.16
2016-12-29,6.65
2016-12-30,5.2
2016-12-31,4.06
2017-01-01,3.35
2017-01-02,2.98
2017-01-03,2.97
2017-01-04,4.66
2017-01-05,5.53
2017-01-06,5.1
2017-01-07,4.27
2017-01-08,3.8
2017-01-09,3.41
2017-01-10,3.12
2017-01-11,3.39
2017-01-12,4.32
2017-01-13,6.34
2017-01-14,5.9
2017-01-15,4.14
2017-01-16,2.95
2017-01-17,2.48
2017-01-18,2.68
2017-01-19,2.06
2017-01-20,1.83
2017-01-21,1.68
2017-01-22,1.62
2017-01-23,1.76
2017-01-24,1.76
2017-01-25,1.56
2017-01-26,1.45
2017-01-27,1.36
2017-01-28,1.27
2017-01-29,1.2
2017-01-30,1.14
2017-01-31,1.09
2017-02-01,1.04
2017-02-02,1.0
2017-02-03,0.966
2017-02-04,0.931
2017-02-05,0.903
2017-02-06,0.891
2017-02-07,0.96
2017-02-08,1.19
2017-02-09,1.55
2017-02-10,1.41
2017-02-11,1.26
2017-02-12,1.16
2017-02-13,1.09
2017-02-14,1.05
2017-02-15,2.07
2017-02-16,2.87
2017-02-17,2.0
2017-02-18,1.89
2017-02-19,2.31
2017-02-20,2.98
2017-02-21,3.07
2017-02-22,2.56
2017-02-23,3.29
2017-02-24,8.21
2017-02-25,10.9
2017-02-26,14.6
2017-02-27,11.4
2017-02-28,9.24
2017-03-01,12.0
2017-03-02,14.3
2017-03-03,11.5
2017-03-04,7.91
2017-03-05,5.02
2017-03-06,3.7
2017-03-07,3.0
2017-03-08,9.87
2017-03-09,11.7
2017-03-10,7.89
2017-03-11,5.27
2017-03-12,3.57
2017-03-13,2.34
2017-03-14,2.33
2017-03-15,4.35
2017-03-16,3.26
2017-03-17,1.71
2017-03-18,1.49
2017-03-19,1.51
2017-03-20,1.49
2017-03-21,1.83
2017-03-22,1.7
2017-03-23,1.68
2017-03-24,1.28
2017-03-25,1.04
2017-03-26,0.971
2017-03-27,0.978
2017-03-28,2.18
2017-03-29,4.87
2017-03-30,7.26
2017-03-31,7.58
2017-04-01,6.59
2017-04-02,9.67
2017-04-03,12.7
2017-04-04,24.0
2017-04-05,30.6
2017-04-06,34.1
2017-04-07,45.5
2017-04-08,35.3
2017-04-09,26.5
2017-04-10,18.4
2017-04-11,15.6
2017-04-12,12.4
2017-04-13,8.33
2017-04-14,5.93
2017-04-15,4.57
2017-04-16,5.46
2017-04-17,7.68
2017-04-18,5.96
2017-04-19,4.72
2017-04-20,7.14
2017-04-21,7.48
2017-04-22,7.56
2017-04-23,6.4
2017-04-24,4.52
2017-04-25,3.52
2017-04-26,3.13
2017-04-27,2.83
2017-04-28,2.46
2017-04-29,1.95
2017-04-30,1.82
2017-05-01,11.5
2017-05-02,24.3
2017-05-03,18.8
2017-05-04,10.8
2017-05-05,10.4
2017-05-06,17.6
2017-05-07,17.2
2017-05-08,11.8
2017-05-09,7.09
2017-05-10,5.09
2017-05-11,4.16
2017-05-12,3.37
2017-05-13,2.51
2017-05-14,2.36
2017-05-15,2.24
2017-05-16,1.91
2017-05-17,1.4
2017-05-18,1.07
2017-05-19,0.875
2017-05-20,0.772
2017-05-21,0.686
2017-05-22,1.09
2017-05-23,1.7
2017-05-24,1.49
2017-05-25,1.17
2017-05-26,2.03
2017-05-27,2.36
2017-05-28,1.76
2017-05-29,1.5
2017-05-30,2.43
2017-05-31,2.43
2017-06-01,1.98
2017-06-02,1.45
2017-06-03,1.28
2017-06-04,1.15
2017-06-05,1.07
2017-06-06,4.29
2017-06-07,5.05
2017-06-08,3.53
2017-06-09,2.27
2017-06-10,1.71
2017-06-11,1.43
2017-06-12,1.21
2017-06-13,1.2
2017-06-14,1.26
2017-06-15,1.21
2017-06-16,1.25
2017-06-17,1.18
2017-06-18,1.09
2017-06-19,0.963
2017-06-20,0.806
2017-06-21,0.751
2017-06-22,0.728
2017-06-23,0.788
2017-06-24,0.945
2017-06-25,0.872
2017-06-26,0.808
2017-06-27,1.03
2017-06-28,1.02
2017-06-29,0.965
2017-06-30,1.68
2017-07-01,2.79
2017-07-02,4.68
2017-07-03,4.98
2017-07-04,3.18
2017-07-05,2.01
2017-07-06,1.39
2017-07-07,1.11
2017-07-08,1.29
2017-07-09,1.73
2017-07-10,1.96
2017-07-11,2.16
2017-07-12,3.41
2017-07-13,3.47
2017-07-14,2.62
2017-07-15,2.98
2017-07-16,2.62
2017-07-17,1.85
2017-07-18,1.83
2017-07-19,1.5
2017-07-20,1.55
2017-07-21,1.73
2017-07-22,1.27
2017-07-23,1.02
2017-07-24,1.55
2017-07-25,7.09
2017-07-26,9.21
2017-07-27,7.26
2017-07-28,3.44
2017-07-29,2.21
2017-07-30,1.66
2017-07-31,1.47
2017-08-01,1.42
2017-08-02,1.23
2017-08-03,1.07
2017-08-04,0.913
2017-08-05,1.12
2017-08-06,1.23
2017-08-07,1.05
2017-08-08,0.926
2017-08-09,0.874
2017-08-10,0.724
2017-08-11,0.567
2017-08-12,0.965
2017-08-13,1.36
2017-08-14,1.42
2017-08-15,2.22
2017-08-16,2.57
2017-08-17,1.79
2017-08-18,2.3
2017-08-19,3.47
2017-08-20,2.3
2017-08-21,1.61
2017-08-22,1.67
2017-08-23,3.26
2017-08-24,3.21
2017-08-25,2.38
2017-08-26,1.63
2017-08-27,1.31
2017-08-28,1.0
2017-08-29,0.71
2017-08-30,0.739
2017-08-31,0.769
2017-09-01,0.741
2017-09-02,0.688
2017-09-03,0.691
2017-09-04,0.72
2017-09-05,0.822
2017-09-06,0.838
2017-09-07,1.11
2017-09-08,2.0
2017-09-09,1.64
2017-09-10,1.26
2017-09-11,0.99
2017-09-12,0.737
2017-09-13,0.636
2017-09-14,0.566
2017-09-15,0.503
2017-09-16,0.468
2017-09-17,0.439
2017-09-18,0.454
2017-09-19,0.518
2017-09-20,0.363
2017-09-21,0.317
2017-09-22,0.278
2017-09-23,0.265
2017-09-24,0.259
2017-09-25,0.222
2017-09-26,0.177
2017-09-27,0.166
2017-09-28,0.155
2017-09-29,0.128
2017-09-30,0.102
2017-10-01,0.112
2017-10-02,0.116
2017-10-03,0.118
2017-10-04,0.129
2017-10-05,0.209
2017-10-06,0.177
2017-10-07,0.162
2017-10-08,0.27
2017-10-09,0.501
2017-10-10,1.1
2017-10-11,1.02
2017-10-12,0.711
2017-10-13,0.485
2017-10-14,0.365
2017-10-15,0.532
2017-10-16,0.641
2017-10-17,0.488
2017-10-18,0.395
2017-10-19,0.357
2017-10-20,0.332
2017-10-21,0.341
2017-10-22,0.317
2017-10-23,0.298
2017-10-24,0.353
2017-10-25,0.406
2017-10-26,0.398
2017-10-27,0.37
2017-10-28,0.344
2017-10-29,0.784
2017-10-30,6.74
2017-10-31,6.47
2017-11-01,3.76
2017-11-02,4.05
2017-11-03,9.55
2017-11-04,7.78
2017-11-05,5.49
2017-11-06,6.73
2017-11-07,5.89
2017-11-08,3.86
2017-11-09,2.87
2017-11-10,2.44
2017-11-11,2.04
2017-11-12,1.76
2017-11-13,1.68
2017-11-14,1.65
2017-11-15,1.68
2017-11-16,2.17
2017-11-17,2.55
2017-11-18,2.28
2017-11-19,2.46
2017-11-20,2.44
2017-11-21,2.2
2017-11-22,3.09
2017-11-23,2.9
2017-11-24,2.5
2017-11-25,3.08
2017-11-26,3.98
2017-11-27,3.22
2017-11-28,2.43
2017-11-29,2.23
2017-11-30,1.99
2017-12-01,1.94
2017-12-02,2.07
2017-12-03,1.83
2017-12-04,1.63
2017-12-05,1.72
2017-12-06,3.75
2017-12-07,3.26
2017-12-08,2.61
2017-12-09,2.36
2017-12-10,2.19
2017-12-11,1.95
2017-12-12,1.64
2017-12-13,1.41
2017-12-14,1.24
2017-12-15,1.12
2017-12-16,1.03
2017-12-17,0.971
2017-12-18,0.951
2017-12-19,1.04
2017-12-20,1.15
2017-12-21,1.14
2017-12-22,1.08
2017-12-23,1.02
2017-12-24,0.968
2017-12-25,0.919
2017-12-26,0.869
2017-12-27,0.818
2017-12-28,0.77
2017-12-29,0.726
2017-12-30,0.687
2017-12-31,0.652
2018-01-01,0.62
2018-01-02,0.591
2018-01-03,0.565
2018-01-04,0.539
2018-01-05,0.517
2018-01-06,0.497
2018-01-07,0.481
2018-01-08,0.51
2018-01-09,0.725
2018-01-10,1.08
2018-01-11,1.78
2018-01-12,7.41
2018-01-13,13.5
2018-01-14,10.2
2018-01-15,8.02
2018-01-16,6.52
2018-01-17,5.29
2018-01-18,4.34
2018-01-19,3.87
2018-01-20,4.3
2018-01-21,4.67
2018-01-22,4.27
2018-01-23,4.44
2018-01-24,4.76
2018-01-25,4.1
2018-01-26,3.56
2018-01-27,3.24
2018-01-28,3.5
2018-01-29,3.13
2018-01-30,2.71
2018-01-31,2.39
2018-02-01,2.17
2018-02-02,2.0
2018-02-03,1.87
2018-02-04,1.75
2018-02-05,1.64
2018-02-06,1.55
2018-02-07,1.46
2018-02-08,1.38
2018-02-09,1.3
2018-02-10,1.23
2018-02-11,1.17
2018-02-12,1.11
2018-02-13,1.07
2018-02-14,1.05
2018-02-15,1.16
2018-02-16,1.35
2018-02-17,1.39
2018-02-18,1.45
2018-02-19,2.04
2018-02-20,3.56
2018-02-21,9.29
2018-02-22,12.4
2018-02-23,11.2
2018-02-24,10.9
2018-02-25,8.77
2018-02-26,8.16
2018-02-27,8.51
2018-02-28,11.3
2018-03-01,12.5
2018-03-02,10.8
2018-03-03,7.95
2018-03-04,6.65
2018-03-05,5.97
2018-03-06,5.29
2018-03-07,4.67
2018-03-08,3.97
2018-03-09,3.81
2018-03-10,4.01
2018-03-11,3.53
2018-03-12,2.95
2018-03-13,3.14
2018-03-14,3.14
2018-03-15,2.79
2018-03-16,2.73
2018-03-17,2.46
2018-03-18,2.41
2018-03-19,2.19
2018-03-20,1.99
2018-03-21,1.85
2018-03-22,1.87
2018-03-23,1.96
2018-03-24,2.02
2018-03-25,2.07
2018-03-26,2.27
2018-03-27,2.61
2018-03-28,4.33
2018-03-29,9.02
2018-03-30,22.0
2018-03-31,19.1
2018-04-01,17.3
2018-04-02,11.8
2018-04-03,8.1
2018-04-04,15.5
2018-04-05,15.0
2018-04-06,10.9
2018-04-07,6.3
2018-04-08,4.54
2018-04-09,3.43
2018-04-10,3.5
2018-04-11,3.78
2018-04-12,4.32
2018-04-13,7.19
2018-04-14,7.6
2018-04-15,5.82
2018-04-16,6.81
2018-04-17,13.4
2018-04-18,13.2
2018-04-19,10.5
2018-04-20,7.83
2018-04-21,6.31
2018-04-22,5.86
2018-04-23,5.16
2018-04-24,4.49
2018-04-25,4.24
2018-04-26,5.17
2018-04-27,4.96
2018-04-28,3.9
2018-04-29,4.51
2018-04-30,6.56
2018-05-01,6.12
2018-05-02,4.05
2018-05-03,3.57
2018-05-04,5.21
2018-05-05,4.22
2018-05-06,3.08
2018-05-07,2.39
2018-05-08,1.81
2018-05-09,1.6
2018-05-10,1.69
2018-05-11,1.56
2018-05-12,1.23
2018-05-13,1.13
2018-05-14,1.0
2018-05-15,0.866
2018-05-16,0.808
2018-05-17,0.707
2018-05-18,0.662
2018-05-19,0.578
2018-05-20,0.672
2018-05-21,0.663
2018-05-22,0.539
2018-05-23,0.511
2018-05-24,0.443
2018-05-25,0.381
2018-05-26,0.377
2018-05-27,0.369
2018-05-28,0.342
2018-05-29,0.453
2018-05-30,0.476
2018-05-31,0.361
2018-06-01,0.343
2018-06-02,0.376
2018-06-03,0.371
2018-06-04,1.89
2018-06-05,4.31
2018-06-06,3.72
2018-06-07,2.2
2018-06-08,1.54
2018-06-09,1.18
2018-06-10,0.823
2018-06-11,0.67
2018-06-12,0.581
2018-06-13,0.552
2018-06-14,0.583
2018-06-15,0.622
2018-06-16,0.555
2018-06-17,0.56
2018-06-18,0.616
2018-06-19,0.441
2018-06-20,0.383
2018-06-21,0.329
2018-06-22,0.261
2018-06-23,0.233
2018-06-24,0.231
2018-06-25,0.222
2018-06-26,0.183
2018-06-27,0.177
2018-06-28,0.204
2018-06-29,0.252
2018-06-30,0.218
2018-07-01,0.198
2018-07-02,0.213
2018-07-03,0.184
2018-07-04,0.12
2018-07-05,0.106
2018-07-06,0.106
2018-07-07,0.083
2018-07-08,0.065
2018-07-09,0.052
2018-07-10,0.038
2018-07-11,0.031
2018-07-12,0.034
2018-07-13,0.037
2018-07-14,0.03
2018-07-15,0.023
2018-07-16,0.019
2018-07-17,0.068
2018-07-18,0.069
2018-07-19,0.053
2018-07-20,0.063
2018-07-21,0.07
2018-07-22,0.09
2018-07-23,0.108
2018-07-24,0.121
2018-07-25,0.38
2018-07-26,0.474
2018-07-27,0.194
2018-07-28,0.118
2018-07-29,0.219
2018-07-30,0.127
2018-07-31,0.133
2018-08-01,0.099
2018-08-02,0.096
2018-08-03,0.057
2018-08-04,0.051
2018-08-05,0.052
2018-08-06,0.041
2018-08-07,0.074
2018-08-08,0.062
2018-08-09,0.04
2018-08-10,0.031
2018-08-11,0.026
2018-08-12,0.023
2018-08-13,0.023
2018-08-14,0.023
2018-08-15,0.024
2018-08-16,0.034
2018-08-17,0.028
2018-08-18,0.024
2018-08-19,0.02
2018-08-20,0.018
2018-08-21,0.017
2018-08-22,0.026
2018-08-23,0.024
2018-08-24,0.019
2018-08-25,0.016
2018-08-26,0.016
2018-08-27,0.017
2018-08-28,0.019
2018-08-29,0.026
2018-08-30,0.047
2018-08-31,0.031
2018-09-01,0.024
2018-09-02,0.024
2018-09-03,0.028
2018-09-04,0.022
2018-09-05,0.018
2018-09-06,0.015
2018-09-07,0.011
2018-09-08,0.009
2018-09-09,0.007
2018-09-10,0.007
2018-09-11,0.023
2018-09-12,0.026
2018-09-13,0.018
2018-09-14,0.015
2018-09-15,0.02
2018-09-16,0.023
2018-09-17,0.022
2018-09-18,0.019
2018-09-19,0.016
2018-09-20,0.014
2018-09-21,0.041
2018-09-22,0.141
2018-09-23,0.045
2018-09-24,0.025
2018-09-25,0.036
2018-09-26,0.071
2018-09-27,0.068
2018-09-28,0.042
2018-09-29,0.037
2018-09-30,0.032
2018-10-01,0.028
2018-10-02,0.032
2018-10-03,0.036
2018-10-04,0.031
2018-10-05,0.029
2018-10-06,0.025
2018-10-07,0.024
2018-10-08,0.026
2018-10-09,0.09
2018-10-10,0.077
2018-10-11,0.062
2018-10-12,0.06
2018-10-13,0.05
2018-10-14,0.045
2018-10-15,0.043
2018-10-16,0.051
2018-10-17,0.048
2018-10-18,0.04
2018-10-19,0.035
2018-10-20,0.042
2018-10-21,0.05
2018-10-22,0.042
2018-10-23,0.034
2018-10-24,0.031
2018-10-25,0.027
2018-10-26,0.028
2018-10-27,0.029
2018-10-28,0.084
2018-10-29,0.194
2018-10-30,0.172
2018-10-31,0.198
2018-11-01,0.488
2018-11-02,1.35
2018-11-03,1.78
2018-11-04,1.7
2018-11-05,1.09
2018-11-06,0.849
2018-11-07,0.844
2018-11-08,0.709
2018-11-09,0.651
2018-11-10,1.07
2018-11-11,1.17
2018-11-12,0.922
2018-11-13,0.787
2018-11-14,0.722
2018-11-15,0.527
2018-11-16,0.436
2018-11-17,0.423
2018-11-18,0.386
2018-11-19,0.38
2018-11-20,0.368
2018-11-21,0.351
2018-11-22,0.329
2018-11-23,0.308
2018-11-24,0.293
2018-11-25,0.704
2018-11-26,1.67
2018-11-27,4.34
2018-11-28,3.49
2018-11-29,3.08
2018-11-30,2.81
2018-12-01,2.27
2018-12-02,2.12
2018-12-03,3.59
2018-12-04,3.68
2018-12-05,2.56
2018-12-06,1.93
2018-12-07,1.45
2018-12-08,1.13
2018-12-09,0.947
2018-12-10,0.82
2018-12-11,0.725
2018-12-12,0.658
2018-12-13,0.614
2018-12-14,0.597
2018-12-15,0.676
2018-12-16,0.77
2018-12-17,0.71
2018-12-18,0.633
2018-12-19,0.565
2018-12-20,0.519
2018-12-21,3.81
2018-12-22,8.44
2018-12-23,5.42
2018-12-24,3.61
2018-12-25,2.49
2018-12-26,1.77
2018-12-27,1.34
2018-12-28,1.12
2018-12-29,1.38
2018-12-30,1.39
2018-12-31,1.08
2019-01-01,2.05
2019-01-02,2.1
2019-01-03,1.59
2019-01-04,1.32
2019-01-05,1.2
2019-01-06,1.09
2019-01-07,1.02
2019-01-08,1.03
2019-01-09,1.04
2019-01-10,0.969
2019-01-11,0.903
2019-01-12,0.851
2019-01-13,0.804
2019-01-14,0.764
2019-01-15,0.73
2019-01-16,0.698
2019-01-17,0.669
2019-01-18,0.645
2019-01-19,0.627
2019-01-20,0.613
2019-01-21,0.605
2019-01-22,0.616
2019-01-23,0.773
2019-01-24,1.22
2019-01-25,1.78
2019-01-26,1.64
2019-01-27,1.51
2019-01-28,1.4
2019-01-29,1.31
2019-01-30,1.24
2019-01-31,1.18
2019-02-01,1.11
2019-02-02,1.04
2019-02-03,0.988
2019-02-04,1.13
2019-02-05,1.74
2019-02-06,1.67
2019-02-07,1.57
2019-02-08,2.09
2019-02-09,2.06
2019-02-10,1.84
2019-02-11,1.63
2019-02-12,1.43
2019-02-13,1.29
2019-02-14,1.21
2019-02-15,1.58
2019-02-16,2.13
2019-02-17,1.84
2019-02-18,1.6
2019-02-19,1.4
2019-02-20,1.27
2019-02-21,1.21
2019-02-22,1.34
2019-02-23,1.41
2019-02-24,1.91
2019-02-25,2.17
2019-02-26,2.64
2019-02-27,2.41
2019-02-28,2.18
2019-03-01,2.05
2019-03-02,2.05
2019-03-03,1.99
2019-03-04,1.84
2019-03-05,1.7
2019-03-06,1.58
2019-03-07,1.48
2019-03-08,1.39
2019-03-09,1.32
2019-03-10,1.32
2019-03-11,1.52
2019-03-12,1.62
2019-03-13,1.67
2019-03-14,1.76
2019-03-15,2.72
2019-03-16,8.67
2019-03-17,10.8
2019-03-18,9.33
2019-03-19,8.21
2019-03-20,7.45
2019-03-21,7.72
2019-03-22,11.2
2019-03-23,15.5
2019-03-24,13.2
2019-03-25,10.7
2019-03-26,8.76
2019-03-27,7.42
2019-03-28,7.4
2019-03-29,11.8
2019-03-30,17.3
2019-03-31,20.4
2019-04-01,16.0
2019-04-02,14.4
2019-04-03,17.3
2019-04-04,17.4
2019-04-05,14.9
2019-04-06,14.8
2019-04-07,15.8
2019-04-08,17.8
2019-04-09,14.9
2019-04-10,11.0
2019-04-11,11.1
2019-04-12,12.6
2019-04-13,17.1
2019-04-14,18.9
2019-04-15,22.2
2019-04-16,18.6
2019-04-17,15.1
2019-04-18,12.3
2019-04-19,13.3
2019-04-20,24.2
2019-04-21,20.6
2019-04-22,15.2
2019-04-23,9.94
2019-04-24,12.4
2019-04-25,11.1
2019-04-26,8.62
2019-04-27,8.94
2019-04-28,8.38
2019-04-29,6.65
2019-04-30,4.71
2019-05-01,3.69
2019-05-02,3.63
2019-05-03,3.61
2019-05-04,3.42
2019-05-05,2.87
2019-05-06,2.37
2019-05-07,2.04
2019-05-08,1.77
2019-05-09,1.46
2019-05-10,4.14
2019-05-11,6.95
2019-05-12,5.04
2019-05-13,3.51
2019-05-14,4.75
2019-05-15,5.41
2019-05-16,4.23
2019-05-17,3.49
2019-05-18,2.96
2019-05-19,2.73
2019-05-20,4.42
2019-05-21,4.36
2019-05-22,3.34
2019-05-23,2.74
2019-05-24,3.36
2019-05-25,3.27
2019-05-26,3.36
2019-05-27,3.08
2019-05-28,3.0
2019-05-29,2.53
2019-05-30,1.76
2019-05-31,1.57
2019-06-01,1.4
2019-06-02,1.37
2019-06-03,1.39
2019-06-04,1.21
2019-06-05,1.09
2019-06-06,1.03
2019-06-07,0.981
2019-06-08,0.843
2019-06-09,0.755
2019-06-10,0.69
2019-06-11,1.08
2019-06-12,1.42
2019-06-13,1.24
2019-06-14,1.43
2019-06-15,1.75
2019-06-16,2.4
2019-06-17,2.11
2019-06-18,1.54
2019-06-19,1.25
2019-06-20,1.06
2019-06-21,0.937
2019-06-22,0.859
2019-06-23,0.721
2019-06-24,0.605
2019-06-25,0.614
2019-06-26,0.592
2019-06-27,0.534
2019-06-28,0.508
2019-06-29,0.607
2019-06-30,0.905
2019-07-01,1.11
2019-07-02,0.761
2019-07-03,0.635
2019-07-04,0.529
2019-07-05,0.451
2019-07-06,0.437
2019-07-07,0.389
2019-07-08,0.395
2019-07-09,0.335
2019-07-10,0.272
2019-07-11,1.14
2019-07-12,2.01
2019-07-13,1.53
2019-07-14,1.12
2019-07-15,0.896
2019-07-16,0.779
2019-07-17,0.702
2019-07-18,0.659
2019-07-19,0.568
2019-07-20,0.558
2019-07-21,0.54
2019-07-22,0.445
2019-07-23,0.326
2019-07-24,0.292
2019-07-25,0.273
2019-07-26,0.211
2019-07-27,0.169
2019-07-28,0.143
2019-07-29,0.136
2019-07-30,0.126
2019-07-31,0.17
2019-08-01,0.12
2019-08-02,0.075
2019-08-03,0.047
2019-08-04,0.032
2019-08-05,0.03
2019-08-06,0.032
2019-08-07,0.036
2019-08-08,0.049
2019-08-09,0.056
2019-08-10,0.149
2019-08-11,0.103
2019-08-12,0.073
2019-08-13,0.077
2019-08-14,0.067
2019-08-15,0.044
2019-08-16,0.042
2019-08-17,0.085
2019-08-18,0.098
2019-08-19,0.07
2019-08-20,0.05
2019-08-21,0.044
2019-08-22,0.067
2019-08-23,0.057
2019-08-24,0.038
2019-08-25,0.028
2019-08-26,0.024
2019-08-27,0.018
2019-08-28,0.075
2019-08-29,0.223
2019-08-30,0.122
2019-08-31,0.08
2019-09-01,0.061
2019-09-02,0.153
2019-09-03,0.196
2019-09-04,0.234
2019-09-05,0.28
2019-09-06,0.315
2019-09-07,0.252
2019-09-08,0.264
2019-09-09,0.211
2019-09-10,0.177
2019-09-11,0.139
2019-09-12,0.086
2019-09-13,0.055
2019-09-14,0.062
2019-09-15,0.072
2019-09-16,0.05
2019-09-17,0.039
2019-09-18,0.029
2019-09-19,0.025
2019-09-20,0.025
2019-09-21,0.024
2019-09-22,0.02
2019-09-23,0.03
2019-09-24,0.068
2019-09-25,0.05
2019-09-26,0.046
2019-09-27,0.076
2019-09-28,0.065
2019-09-29,0.082
2019-09-30,0.046
2019-10-01,0.048
2019-10-02,0.057
2019-10-03,0.04
2019-10-04,0.037
2019-10-05,0.032
2019-10-06,0.026
2019-10-07,0.036
2019-10-08,0.044
2019-10-09,0.031
2019-10-10,0.028
2019-10-11,0.026
2019-10-12,0.025
2019-10-13,0.029
2019-10-14,0.03
2019-10-15,0.027
2019-10-16,0.03
2019-10-17,2.06
2019-10-18,2.68
2019-10-19,1.55
2019-10-20,0.929
2019-10-21,0.613
2019-10-22,0.518
2019-10-23,1.84
2019-10-24,1.44
2019-10-25,1.04
2019-10-26,0.779
2019-10-27,1.48
2019-10-28,2.69
2019-10-29,1.95
2019-10-30,1.34
2019-10-31,1.89
2019-11-01,11.6
2019-11-02,7.09
2019-11-03,4.21
2019-11-04,2.83
2019-11-05,2.5
2019-11-06,2.99
2019-11-07,2.64
2019-11-08,2.32
2019-11-09,2.0
2019-11-10,1.73
2019-11-11,1.55
2019-11-12,1.41
2019-11-13,1.28
2019-11-14,1.17
2019-11-15,1.07
2019-11-16,1.0
2019-11-17,0.943
2019-11-18,0.897
2019-11-19,0.864
2019-11-20,0.85
2019-11-21,0.865
2019-11-22,2.27
2019-11-23,3.21
2019-11-24,2.37
2019-11-25,1.87
2019-11-26,1.76
2019-11-27,2.29
2019-11-28,6.43
2019-11-29,5.24
2019-11-30,3.4
2019-12-01,2.05
2019-12-02,1.56
2019-12-03,1.26
2019-12-04,1.04
2019-12-05,0.866
2019-12-06,0.742
2019-12-07,0.658
2019-12-08,0.625
2019-12-09,0.754
2019-12-10,1.77
2019-12-11,1.81
2019-12-12,1.36
2019-12-13,1.14
2019-12-14,1.28
2019-12-15,3.36
2019-12-16,2.09
2019-12-17,1.52
2019-12-18,1.22
2019-12-19,1.03
2019-12-20,0.892
2019-12-21,0.829
2019-12-22,0.94
2019-12-23,1.07
2019-12-24,0.899
2019-12-25,0.673
2019-12-26,0.574
2019-12-27,0.547
2019-12-28,0.583
2019-12-29,0.564
2019-12-30,0.525
2019-12-31,0.52
2020-01-01,0.539
2020-01-02,0.541
2020-01-03,0.614
2020-01-04,0.978
2020-01-05,0.987
2020-01-06,0.839
2020-01-07,0.726
2020-01-08,0.64
2020-01-09,0.586
2020-01-10,0.59
2020-01-11,18.2
2020-01-12,19.9
2020-01-13,15.2
2020-01-14,12.6
2020-01-15,6.03
2020-01-16,3.86
2020-01-17,3.17
2020-01-18,2.64
2020-01-19,2.29
2020-01-20,2.03
2020-01-21,1.8
2020-01-22,1.61
2020-01-23,1.53
2020-01-24,1.84
2020-01-25,1.88
2020-01-26,2.13
2020-01-27,2.35
2020-01-28,2.34
2020-01-29,2.04
2020-01-30,1.76
2020-01-31,1.55
2020-02-01,1.38
2020-02-02,1.25
2020-02-03,1.22
2020-02-04,1.24
2020-02-05,1.13
2020-02-06,1.04
2020-02-07,0.977
2020-02-08,0.912
2020-02-09,0.855
2020-02-10,0.804
2020-02-11,0.755
2020-02-12,0.709
2020-02-13,0.664
2020-02-14,0.621
2020-02-15,0.579
2020-02-16,0.561
2020-02-17,0.566
2020-02-18,0.529
2020-02-19,0.501
2020-02-20,0.474
2020-02-21,0.448
2020-02-22,0.458
2020-02-23,0.529
2020-02-24,0.617
2020-02-25,0.703
2020-02-26,0.815
2020-02-27,0.913
2020-02-28,0.837
2020-02-29,0.746
2020-03-01,0.698
2020-03-02,0.852
2020-03-03,1.85
2020-03-04,4.24
2020-03-05,6.61
2020-03-06,7.14
2020-03-07,7.13
2020-03-08,6.58
2020-03-09,6.2
2020-03-10,14.6
2020-03-11,19.1
2020-03-12,17.3
2020-03-13,20.9
2020-03-14,21.9
2020-03-15,18.8
2020-03-16,13.6
2020-03-17,12.3
2020-03-18,12.6
2020-03-19,10.3
2020-03-20,22.5
2020-03-21,20.0
2020-03-22,14.9
2020-03-23,9.13
2020-03-24,6.45
2020-03-25,6.71
2020-03-26,8.33
2020-03-27,11.6
2020-03-28,10.7
2020-03-29,15.1
2020-03-30,26.3
2020-03-31,24.6
2020-04-01,19.4
2020-04-02,13.6
2020-04-03,13.1
2020-04-04,13.1
2020-04-05,11.1
2020-04-06,9.02
2020-04-07,7.61
2020-04-08,6.26
2020-04-09,4.7
2020-04-10,4.99
2020-04-11,4.72
2020-04-12,3.86
2020-04-13,5.36
2020-04-14,8.21
2020-04-15,6.16
2020-04-16,5.17
2020-04-17,4.06
2020-04-18,2.73
2020-04-19,2.39
2020-04-20,2.36
2020-04-21,2.02
2020-04-22,1.85
2020-04-23,1.73
2020-04-24,1.82
2020-04-25,1.66
2020-04-26,1.5
2020-04-27,1.38
2020-04-28,1.21
2020-04-29,1.1
2020-04-30,1.3
2020-05-01,2.06
2020-05-02,2.17
2020-05-03,1.81
2020-05-04,1.55
2020-05-05,1.3
2020-05-06,1.14
2020-05-07,1.01
2020-05-08,0.773
2020-05-09,0.693
2020-05-10,0.632
2020-05-11,0.625
2020-05-12,0.568
2020-05-13,0.513
2020-05-14,0.499
2020-05-15,0.927
2020-05-16,2.95
2020-05-17,2.29
2020-05-18,1.61
2020-05-19,1.21
2020-05-20,1.02
2020-05-21,0.883
2020-05-22,0.749
2020-05-23,0.659
2020-05-24,0.591
2020-05-25,0.54
2020-05-26,0.502
2020-05-27,0.448
2020-05-28,0.398
2020-05-29,0.329
2020-05-30,0.3
2020-05-31,0.342
2020-06-01,0.322
2020-06-02,0.369
2020-06-03,0.358
2020-06-04,0.346
2020-06-05,0.253
2020-06-06,0.606
2020-06-07,0.675
2020-06-08,0.428
2020-06-09,0.335
2020-06-10,0.301
2020-06-11,0.295
2020-06-12,0.243
2020-06-13,0.194
2020-06-14,0.184
2020-06-15,0.167
2020-06-16,0.148
2020-06-17,0.137
2020-06-18,0.128
2020-06-19,0.115
2020-06-20,0.104
2020-06-21,0.095
2020-06-22,0.081
2020-06-23,0.081
2020-06-24,0.084
2020-06-25,0.072
2020-06-26,0.06
2020-06-27,0.044
2020-06-28,0.039
2020-06-29,0.048
2020-06-30,0.048
2020-07-01,0.043
2020-07-02,0.059
2020-07-03,0.164
2020-07-04,0.1
2020-07-05,0.057
2020-07-06,0.039
2020-07-07,0.027
2020-07-08,0.02
2020-07-09,0.014
2020-07-10,0.011
2020-07-11,0.015
2020-07-12,0.072
2020-07-13,0.116
2020-07-14,0.056
2020-07-15,0.027
2020-07-16,0.017
2020-07-17,0.043
2020-07-18,0.081
2020-07-19,0.348
2020-07-20,0.388
2020-07-21,0.157
2020-07-22,0.071
2020-07-23,0.041
2020-07-24,0.027
2020-07-25,0.016
2020-07-26,0.01
2020-07-27,0.015
2020-07-28,0.041
2020-07-29,0.033
2020-07-30,0.175
2020-07-31,0.143
2020-08-01,0.072
2020-08-02,0.067
2020-08-03,0.141
2020-08-04,0.317
2020-08-05,2.58
2020-08-06,1.58
2020-08-07,0.612
2020-08-08,0.317
2020-08-09,0.181
2020-08-10,0.122
2020-08-11,0.081
2020-08-12,0.054
2020-08-13,0.037
2020-08-14,0.025
2020-08-15,0.019
2020-08-16,0.031
2020-08-17,0.072
2020-08-18,0.071
2020-08-19,0.043
2020-08-20,0.029
2020-08-21,0.024
2020-08-22,0.019
2020-08-23,0.018
2020-08-24,0.166
2020-08-25,0.243
2020-08-26,0.142
2020-08-27,0.088
2020-08-28,0.064
2020-08-29,0.202
2020-08-30,1.33
2020-08-31,0.662
2020-09-01,0.38
2020-09-02,0.255
2020-09-03,0.243
2020-09-04,0.147
2020-09-05,0.099
2020-09-06,0.077
2020-09-07,0.128
2020-09-08,0.106
2020-09-09,0.064
2020-09-10,0.05
2020-09-11,0.044
2020-09-12,0.039
2020-09-13,0.043
2020-09-14,0.092
2020-09-15,0.061
2020-09-16,0.041
2020-09-17,0.03
2020-09-18,0.021
2020-09-19,0.016
2020-09-20,0.015
2020-09-21,0.071
2020-09-22,0.067
2020-09-23,0.039
2020-09-24,0.02
2020-09-25,0.016
2020-09-26,0.019
2020-09-27,0.013
2020-09-28,0.015
2020-09-29,0.028
2020-09-30,0.168
2020-10-01,0.34
2020-10-02,0.26
2020-10-03,0.195
2020-10-04,0.139
2020-10-05,0.116
2020-10-06,0.105
2020-10-07,0.097
2020-10-08,0.092
2020-10-09,0.079
2020-10-10,0.075
2020-10-11,0.067
2020-10-12,0.066
2020-10-13,0.179
2020-10-14,0.473
2020-10-15,0.387
2020-10-16,0.508
2020-10-17,0.746
2020-10-18,0.599
2020-10-19,0.53
2020-10-20,2.2
2020-10-21,2.59
2020-10-22,2.26
2020-10-23,1.53
2020-10-24,1.15
2020-10-25,0.867
2020-10-26,0.758
2020-10-27,1.28
2020-10-28,1.24
2020-10-29,0.933
2020-10-30,0.72
2020-10-31,0.597
2020-11-01,0.53
2020-11-02,0.552
2020-11-03,0.494
2020-11-04,0.43
2020-11-05,0.393
2020-11-06,0.495
2020-11-07,0.401
2020-11-08,0.357
2020-11-09,0.322
2020-11-10,0.301
2020-11-11,0.287
2020-11-12,0.28
2020-11-13,0.254
2020-11-14,0.244
2020-11-15,0.232
2020-11-16,0.293
2020-11-17,0.286
2020-11-18,0.393
2020-11-19,0.377
2020-11-20,0.245
2020-11-21,0.226
2020-11-22,0.243
2020-11-23,0.454
2020-11-24,0.719
2020-11-25,0.682
2020-11-26,0.629
2020-11-27,0.826
2020-11-28,2.06
2020-11-29,2.63
2020-11-30,2.85
2020-12-01,5.58
2020-12-02,5.64
2020-12-03,4.09
2020-12-04,2.85
2020-12-05,2.68
2020-12-06,2.27
2020-12-07,1.76
2020-12-08,1.36
2020-12-09,1.12
2020-12-10,1.02
2020-12-11,0.984
2020-12-12,0.983
2020-12-13,1.11
2020-12-14,1.23
2020-12-15,1.04
2020-12-16,0.771
2020-12-17,0.603
2020-12-18,0.503
2020-12-19,0.435
2020-12-20,0.401
2020-12-21,0.406
2020-12-22,0.41
2020-12-23,0.365
2020-12-24,0.474
2020-12-25,12.0
2020-12-26,8.05
2020-12-27,5.36
2020-12-28,3.62
2020-12-29,2.2
2020-12-30,1.65
2020-12-31,1.47
2021-01-01,1.19
2021-01-02,1.02
2021-01-03,0.891
2021-01-04,0.797
2021-01-05,0.727
2021-01-06,0.672
2021-01-07,0.625
2021-01-08,0.581
2021-01-09,0.553
2021-01-10,0.528
2021-01-11,0.538
2021-01-12,0.574
2021-01-13,0.59
2021-01-14,0.617
2021-01-15,0.636
2021-01-16,0.744
2021-01-17,0.95
2021-01-18,1.02
2021-01-19,0.949
2021-01-20,0.837
2021-01-21,0.762
2021-01-22,0.703
2021-01-23,0.654
2021-01-24,0.609
2021-01-25,0.573
2021-01-26,0.542
2021-01-27,0.514
2021-01-28,0.488
2021-01-29,0.469
2021-01-30,0.451
2021-01-31,0.433
2021-02-01,0.417
2021-02-02,0.402
2021-02-03,0.387
2021-02-04,0.373
2021-02-05,0.359
2021-02-06,0.346
2021-02-07,0.335
2021-02-08,0.325
2021-02-09,0.316
2021-02-10,0.308
2021-02-11,0.299
2021-02-12,0.292
2021-02-13,0.285
2021-02-14,0.279
2021-02-15,0.273
2021-02-16,0.267
2021-02-17,0.262
2021-02-18,0.258
2021-02-19,0.256
2021-02-20,0.255
2021-02-21,0.255
2021-02-22,0.268
2021-02-23,0.304
2021-02-24,0.348
2021-02-25,0.393
2021-02-26,0.422
2021-02-27,0.442
2021-02-28,0.487
2021-03-01,0.643
2021-03-02,0.947
2021-03-03,1.32
2021-03-04,2.12
2021-03-05,2.06
2021-03-06,1.9
2021-03-07,1.75
2021-03-08,1.63
2021-03-09,1.59
2021-03-10,1.71
2021-03-11,4.39
2021-03-12,18.1
2021-03-13,16.6
2021-03-14,12.8
2021-03-15,8.91
2021-03-16,6.08
2021-03-17,4.97
2021-03-18,6.33
2021-03-19,6.81
2021-03-20,6.35
2021-03-21,8.69
2021-03-22,10.9
2021-03-23,11.4
2021-03-24,12.2
2021-03-25,13.7
2021-03-26,22.4
2021-03-27,24.4
2021-03-28,20.1
2021-03-29,15.2
2021-03-30,10.6
2021-03-31,8.22
2021-04-01,7.52
2021-04-02,6.1
2021-04-03,4.83
2021-04-04,4.27
2021-04-05,3.77
2021-04-06,3.59
2021-04-07,3.11
2021-04-08,2.28
2021-04-09,1.91
2021-04-10,1.52
2021-04-11,1.38
2021-04-12,1.33
2021-04-13,1.26
2021-04-14,1.15
2021-04-15,1.38
2021-04-16,2.72
2021-04-17,2.71
2021-04-18,2.14
2021-04-19,1.98
2021-04-20,1.84
2021-04-21,1.6
2021-04-22,1.77
2021-04-23,1.81
2021-04-24,1.55
2021-04-25,1.25
2021-04-26,1.07
2021-04-27,0.9
2021-04-28,0.858
2021-04-29,0.934
2021-04-30,1.81
2021-05-01,4.79
2021-05-02,4.33
2021-05-03,3.17
2021-05-04,2.5
2021-05-05,2.1
2021-05-06,1.92
2021-05-07,1.77
2021-05-08,1.47
2021-05-09,1.37
2021-05-10,1.25
2021-05-11,1.05
2021-05-12,0.935
2021-05-13,0.822
2021-05-14,0.712
2021-05-15,0.645
2021-05-16,0.565
2021-05-17,0.511
2021-05-18,0.453
2021-05-19,0.406
2021-05-20,0.362
2021-05-21,0.298
2021-05-22,0.263
2021-05-23,0.248
2021-05-24,0.194
2021-05-25,0.176
2021-05-26,0.194
2021-05-27,0.204
2021-05-28,0.17
2021-05-29,0.173
2021-05-30,0.15
2021-05-31,0.135
2021-06-01,0.123
2021-06-02,0.119
2021-06-03,0.132
2021-06-04,0.163
2021-06-05,0.149
2021-06-06,0.142
2021-06-07,0.125
2021-06-08,0.11
2021-06-09,0.1
2021-06-10,0.079
2021-06-11,0.064
2021-06-12,0.057
2021-06-13,0.049
2021-06-14,0.051
2021-06-15,0.063
2021-06-16,0.082
2021-06-17,0.071
2021-06-18,0.058
2021-06-19,0.076
2021-06-20,0.067
2021-06-21,0.052
2021-06-22,0.076
2021-06-23,0.064
2021-06-24,0.046
2021-06-25,0.033
2021-06-26,0.064
2021-06-27,0.203
2021-06-28,0.189
2021-06-29,0.145
2021-06-30,0.126
2021-07-01,0.114
2021-07-02,0.099
2021-07-03,0.084
2021-07-04,0.072
2021-07-05,0.061
2021-07-06,0.053
2021-07-07,0.057
2021-07-08,0.058
2021-07-09,0.248
2021-07-10,0.194
2021-07-11,0.132
2021-07-12,0.114
2021-07-13,0.098
2021-07-14,0.148
2021-07-15,0.217
2021-07-16,0.243
2021-07-17,0.216
2021-07-18,0.17
2021-07-19,0.13
2021-07-20,0.116
2021-07-21,0.628
2021-07-22,0.999
2021-07-23,0.856
2021-07-24,0.366
2021-07-25,0.263
2021-07-26,0.2
2021-07-27,0.168
2021-07-28,0.162
2021-07-29,0.173
2021-07-30,0.157
2021-07-31,0.135
2021-08-01,0.117
2021-08-02,0.108
2021-08-03,0.088
2021-08-04,0.073
2021-08-05,0.067
2021-08-06,0.097
2021-08-07,0.113
2021-08-08,0.067
2021-08-09,0.047
2021-08-10,0.035
2021-08-11,0.029
2021-08-12,0.023
2021-08-13,0.018
2021-08-14,0.015
2021-08-15,0.02
2021-08-16,0.035
2021-08-17,0.026
2021-08-18,0.021
2021-08-19,0.018
2021-08-20,0.015
2021-08-21,0.014
2021-08-22,0.011
2021-08-23,0.008
2021-08-24,0.007
2021-08-25,0.005
2021-08-26,0.004
2021-08-27,0.002
2021-08-28,0.002
2021-08-29,0.013
2021-08-30,0.047
2021-08-31,0.037
2021-09-01,0.022
2021-09-02,0.014
2021-09-03,0.011
2021-09-04,0.009
2021-09-05,0.011
2021-09-06,0.022
2021-09-07,0.038
2021-09-08,0.052
2021-09-09,0.068
2021-09-10,0.05
2021-09-11,0.036
2021-09-12,0.03
2021-09-13,0.024
2021-09-14,0.019
2021-09-15,0.055
2021-09-16,0.082
2021-09-17,0.054
2021-09-18,0.041
2021-09-19,0.029
2021-09-20,0.026
2021-09-21,0.025
2021-09-22,0.025
2021-09-23,0.036
2021-09-24,0.09
2021-09-25,0.116
2021-09-26,0.096
2021-09-27,0.06
2021-09-28,0.061
2021-09-29,0.066
2021-09-30,0.053
2021-10-01,0.049
2021-10-02,0.143
2021-10-03,0.34
2021-10-04,0.255
2021-10-05,0.219
2021-10-06,0.183
2021-10-07,0.153
2021-10-08,0.122
2021-10-09,0.1
2021-10-10,0.077
2021-10-11,0.061
2021-10-12,0.048
2021-10-13,0.039
2021-10-14,0.038
2021-10-15,0.04
2021-10-16,0.05
2021-10-17,0.102
2021-10-18,0.098
2021-10-19,0.108
2021-10-20,0.116
2021-10-21,0.137
2021-10-22,0.206
2021-10-23,0.231
2021-10-24,0.228
2021-10-25,0.221
2021-10-26,0.458
2021-10-27,1.36
2021-10-28,1.22
2021-10-29,0.718
2021-10-30,0.446
2021-10-31,2.77
2021-11-01,4.75
2021-11-02,2.79
2021-11-03,1.84
2021-11-04,1.23
2021-11-05,0.834
2021-11-06,0.576
2021-11-07,0.449
2021-11-08,0.347
2021-11-09,0.271
2021-11-10,0.243
2021-11-11,0.208
2021-11-12,0.749
2021-11-13,1.95
2021-11-14,1.54
2021-11-15,1.59
2021-11-16,1.76
2021-11-17,1.26
2021-11-18,1.52
2021-11-19,2.52
2021-11-20,2.0
2021-11-21,1.47
2021-11-22,1.37
2021-11-23,1.27
2021-11-24,0.968
2021-11-25,0.733
2021-11-26,0.898
2021-11-27,1.76
2021-11-28,1.55
2021-11-29,1.16
2021-11-30,0.882
2021-12-01,0.718
2021-12-02,0.763
2021-12-03,1.74
2021-12-04,1.3
2021-12-05,0.829
2021-12-06,1.08
2021-12-07,3.68
2021-12-08,2.99
2021-12-09,1.99
2021-12-10,1.65
2021-12-11,2.6
2021-12-12,6.7
2021-12-13,6.32
2021-12-14,6.04
2021-12-15,4.4
2021-12-16,3.72
2021-12-17,6.41
2021-12-18,5.7
2021-12-19,3.82
2021-12-20,2.89
2021-12-21,2.45
2021-12-22,2.13
2021-12-23,1.87
2021-12-24,1.65
2021-12-25,1.48
2021-12-26,1.34
2021-12-27,1.23
2021-12-28,1.15
2021-12-29,1.09
2021-12-30,1.04
2021-12-31,0.998
2022-01-01,0.981
2022-01-02,0.958
2022-01-03,0.91
2022-01-04,0.868
2022-01-05,0.855
2022-01-06,0.846
2022-01-07,0.81
2022-01-08,0.791
2022-01-09,0.776
2022-01-10,0.761
2022-01-11,0.746
2022-01-12,0.731
2022-01-13,0.716
2022-01-14,0.702
2022-01-15,0.687
2022-01-16,0.672
2022-01-17,0.657
2022-01-18,0.642
2022-01-19,0.628
2022-01-20,0.613
2022-01-21,0.598
2022-01-22,0.583
2022-01-23,0.568
2022-01-24,0.553
2022-01-25,0.539
2022-01-26,0.524
2022-01-27,0.509
2022-01-28,0.494
2022-01-29,0.479
2022-01-30,0.464
2022-01-31,0.45
2022-02-01,0.435
2022-02-02,0.428
2022-02-03,0.482
2022-02-04,0.834
2022-02-05,0.834
2022-02-06,0.726
2022-02-07,0.664
2022-02-08,0.603
2022-02-09,0.543
2022-02-10,0.507
2022-02-11,0.49
2022-02-12,0.557
2022-02-13,0.538
2022-02-14,0.415
2022-02-15,0.499
2022-02-16,0.496
2022-02-17,5.98
2022-02-18,11.5
2022-02-19,11.2
2022-02-20,10.1
2022-02-21,9.21
2022-02-22,8.31
2022-02-23,7.72
2022-02-24,7.19
2022-02-25,6.66
2022-02-26,6.13
2022-02-27,5.65
2022-02-28,5.24
2022-03-01,4.83
2022-03-02,4.42
2022-03-03,4.06
2022-03-04,3.77
2022-03-05,3.48
2022-03-06,3.87
2022-03-07,11.9
2022-03-08,13.0
2022-03-09,11.0
2022-03-10,8.74
2022-03-11,7.4
2022-03-12,6.45
2022-03-13,5.9
2022-03-14,5.51
2022-03-15,5.92
2022-03-16,6.23
2022-03-17,11.0
2022-03-18,14.4
2022-03-19,20.0
2022-03-20,23.1
2022-03-21,19.5
2022-03-22,16.8
2022-03-23,14.2
2022-03-24,23.0
2022-03-25,24.1
2022-03-26,22.4
2022-03-27,17.6
2022-03-28,11.4
2022-03-29,8.26
2022-03-30,7.03
2022-03-31,6.52
2022-04-01,6.63
2022-04-02,6.44
2022-04-03,5.98
2022-04-04,5.26
2022-04-05,5.12
2022-04-06,3.81
2022-04-07,6.56
2022-04-08,21.3
2022-04-09,18.7
2022-04-10,13.8
2022-04-11,8.13
2022-04-12,5.96
2022-04-13,4.91
2022-04-14,4.7
2022-04-15,5.19
2022-04-16,5.1
2022-04-17,4.64
2022-04-18,3.91
2022-04-19,5.76
2022-04-20,8.77
2022-04-21,7.04
2022-04-22,5.74
2022-04-23,4.64
2022-04-24,3.88
2022-04-25,3.35
2022-04-26,3.02
2022-04-27,3.5
2022-04-28,4.93
2022-04-29,3.47
2022-04-30,2.11
2022-05-01,1.82
2022-05-02,1.66
2022-05-03,1.61
2022-05-04,1.78
2022-05-05,2.04
2022-05-06,1.66
2022-05-07,1.36
2022-05-08,1.12
2022-05-09,0.878
2022-05-10,0.586
2022-05-11,0.507
2022-05-12,0.465
2022-05-13,0.433
2022-05-14,0.406
2022-05-15,0.409
2022-05-16,1.43
2022-05-17,4.99
2022-05-18,5.49
2022-05-19,4.3
2022-05-20,3.8
2022-05-21,3.07
2022-05-22,2.4
2022-05-23,1.98
2022-05-24,1.57
2022-05-25,1.18
2022-05-26,0.914
2022-05-27,1.42
2022-05-28,2.68
2022-05-29,2.32
2022-05-30,1.86
2022-05-31,1.83
2022-06-01,1.44
2022-06-02,1.28
2022-06-03,1.19
2022-06-04,1.09
2022-06-05,1.02
2022-06-06,0.674
2022-06-07,0.406
2022-06-08,1.26
2022-06-09,1.92
2022-06-10,2.9
2022-06-11,2.84
2022-06-12,2.24
2022-06-13,1.88
2022-06-14,1.32
2022-06-15,0.63
2022-06-16,0.488
2022-06-17,0.466
2022-06-18,0.486
2022-06-19,0.395
2022-06-20,0.323
2022-06-21,0.296
2022-06-22,0.542
2022-06-23,0.953
2022-06-24,1.66
2022-06-25,2.53
2022-06-26,1.79
2022-06-27,1.59
2022-06-28,1.61
2022-06-29,1.42
2022-06-30,0.756
2022-07-01,0.531
2022-07-02,0.392
2022-07-03,0.297
2022-07-04,0.234
2022-07-05,0.211
2022-07-06,0.197
2022-07-07,0.174
2022-07-08,0.16
2022-07-09,0.15
2022-07-10,0.138
2022-07-11,0.123
2022-07-12,0.124
2022-07-13,0.146
2022-07-14,0.149
2022-07-15,0.138
2022-07-16,0.117
2022-07-17,0.101
2022-07-18,0.117
2022-07-19,0.208
2022-07-20,0.18
2022-07-21,0.178
2022-07-22,0.162
2022-07-23,0.131
2022-07-24,0.111
2022-07-25,0.124
2022-07-26,0.108
2022-07-27,0.075
2022-07-28,0.059
2022-07-29,0.051
2022-07-30,0.036
2022-07-31,0.029
2022-08-01,0.025
2022-08-02,0.027
2022-08-03,0.01
2022-08-04,0.017
2022-08-05,0.015
2022-08-06,0.019
2022-08-07,0.027
2022-08-08,0.118
2022-08-09,0.204
2022-08-10,0.161
2022-08-11,0.137
2022-08-12,0.129
2022-08-13,0.123
2022-08-14,0.109
2022-08-15,0.092
2022-08-16,0.068
2022-08-17,0.053
2022-08-18,0.046
2022-08-19,0.041
2022-08-20,0.036
2022-08-21,0.033
2022-08-22,0.034
2022-08-23,0.116
2022-08-24,0.182
2022-08-25,0.098
2022-08-26,0.074
2022-08-27,0.062
2022-08-28,0.047
2022-08-29,0.044
2022-08-30,0.127
2022-08-31,0.14
2022-09-01,0.118
2022-09-02,0.09
2022-09-03,0.073
2022-09-04,0.078
2022-09-05,0.074
2022-09-06,0.061
2022-09-07,0.053
2022-09-08,0.046
2022-09-09,0.044
2022-09-10,0.046
2022-09-11,0.039
2022-09-12,0.034
2022-09-13,0.038
2022-09-14,0.051
2022-09-15,0.052
2022-09-16,0.044
2022-09-17,0.027
2022-09-18,0.035
2022-09-19,0.181
2022-09-20,0.436
2022-09-21,0.46
2022-09-22,0.504
2022-09-23,0.399
2022-09-24,0.341
2022-09-25,0.344
2022-09-26,0.241
2022-09-27,0.428
2022-09-28,0.862
2022-09-29,0.821
2022-09-30,0.633
2022-10-01,0.407
2022-10-02,0.299
2022-10-03,0.236
2022-10-04,0.189
2022-10-05,0.157
2022-10-06,0.134
2022-10-07,0.138
2022-10-08,0.137
2022-10-09,0.145
2022-10-10,0.125
2022-10-11,0.111
2022-10-12,0.107
2022-10-13,0.106
2022-10-14,0.159
2022-10-15,0.159
2022-10-16,0.128
2022-10-17,0.142
2022-10-18,0.146
2022-10-19,0.18
2022-10-20,0.327
2022-10-21,0.151
2022-10-22,0.118
2022-10-23,0.098
2022-10-24,0.106
2022-10-25,0.274
2022-10-26,0.833
2022-10-27,0.176
2022-10-28,0.065
2022-10-29,0.059
2022-10-30,0.194
2022-10-31,0.165
2022-11-01,0.133
2022-11-02,0.111
2022-11-03,0.218
2022-11-04,0.132
2022-11-05,0.106
2022-11-06,0.117
2022-11-07,0.124
2022-11-08,0.096
2022-11-09,0.093
2022-11-10,0.101
2022-11-11,0.139
2022-11-12,2.96
2022-11-13,2.7
2022-11-14,1.69
2022-11-15,1.09
2022-11-16,0.852
2022-11-17,0.731
2022-11-18,0.615
2022-11-19,0.547
2022-11-20,0.502
2022-11-21,0.427
2022-11-22,0.473
2022-11-23,0.405
2022-11-24,0.338
2022-11-25,0.404
2022-11-26,0.697
2022-11-27,0.872
2022-11-28,1.02
2022-11-29,1.05
2022-11-30,1.22
2022-12-01,2.51
2022-12-02,2.24
2022-12-03,1.76
2022-12-04,1.59
2022-12-05,1.36
2022-12-06,1.18
2022-12-07,1.67
2022-12-08,2.25
2022-12-09,1.91
2022-12-10,1.38
2022-12-11,0.982
2022-12-12,0.738
2022-12-13,0.563
2022-12-14,0.476
2022-12-15,0.435
2022-12-16,0.452
2022-12-17,0.482
2022-12-18,0.493
2022-12-19,0.477
2022-12-20,0.47
2022-12-21,0.5
2022-12-22,0.607
2022-12-23,1.4
2022-12-24,2.2
2022-12-25,2.32
2022-12-26,2.29
2022-12-27,2.25
2022-12-28,2.2
2022-12-29,2.13
2022-12-30,3.86
2022-12-31,13.9
2023-01-01,24.5
2023-01-02,23.0
2023-01-03,20.7
2023-01-04,14.9
2023-01-05,11.9
2023-01-06,10.1
2023-01-07,8.24
2023-01-08,6.51
2023-01-09,5.02
2023-01-10,3.72
2023-01-11,3.27
2023-01-12,2.87
2023-01-13,2.7
2023-01-14,2.65
2023-01-15,2.57
2023-01-16,2.26
2023-01-17,2.2
2023-01-18,1.93
2023-01-19,1.81
2023-01-20,1.15
2023-01-21,0.957
2023-01-22,0.945
2023-01-23,0.933
2023-01-24,0.921
2023-01-25,0.911
2023-01-26,0.902
2023-01-27,1.03
2023-01-28,1.21
2023-01-29,1.11
2023-01-30,1.08
2023-01-31,1.07
2023-02-01,1.06
2023-02-02,1.06
2023-02-03,1.07
2023-02-04,1.07
2023-02-05,1.07
2023-02-06,1.07
2023-02-07,1.07
2023-02-08,1.07
2023-02-09,1.1
2023-02-10,1.94
2023-02-11,4.2
2023-02-12,4.12
2023-02-13,3.47
2023-02-14,2.87
2023-02-15,2.31
2023-02-16,3.93
2023-02-17,4.31
2023-02-18,3.41
2023-02-19,2.77
2023-02-20,2.4
2023-02-21,2.15
2023-02-22,1.94
2023-02-23,1.82
2023-02-24,1.72
2023-02-25,1.66
2023-02-26,1.62
2023-02-27,1.57
2023-02-28,1.52
2023-03-01,1.49
2023-03-02,2.77
2023-03-03,2.02
2023-03-04,1.32
2023-03-05,1.59
2023-03-06,1.65
2023-03-07,1.94
2023-03-08,1.78
2023-03-09,0.876
2023-03-10,0.853
2023-03-11,0.83
2023-03-12,0.809
2023-03-13,0.814
2023-03-14,0.884
2023-03-15,0.971
2023-03-16,1.11
2023-03-17,1.48
2023-03-18,4.48
2023-03-19,5.08
2023-03-20,4.98
2023-03-21,4.6
2023-03-22,4.36
2023-03-23,5.53
2023-03-24,7.64
2023-03-25,7.81
2023-03-26,7.74
2023-03-27,8.68
2023-03-28,8.76
2023-03-29,9.08
2023-03-30,10.4
2023-03-31,8.31
2023-04-01,12.2
2023-04-02,17.3
2023-04-03,14.2
2023-04-04,11.8
2023-04-05,18.1
2023-04-06,26.9
2023-04-07,28.1
2023-04-08,24.0
2023-04-09,20.6
2023-04-10,19.1
2023-04-11,19.1
2023-04-12,18.5
2023-04-13,16.5
2023-04-14,13.4
2023-04-15,10.4
2023-04-16,8.07
2023-04-17,7.08
2023-04-18,6.96
2023-04-19,4.93
2023-04-20,3.21
2023-04-21,2.57
2023-04-22,2.24
2023-04-23,2.52
2023-04-24,3.69
2023-04-25,3.55
2023-04-26,2.93
2023-04-27,2.52
2023-04-28,2.19
2023-04-29,1.99
2023-04-30,2.55
2023-05-01,24.6
2023-05-02,21.4
2023-05-03,21.5
2023-05-04,15.0
2023-05-05,9.76
2023-05-06,6.48
2023-05-07,5.65
2023-05-08,4.62
2023-05-09,2.61
2023-05-10,1.59
2023-05-11,1.67
2023-05-12,1.78
2023-05-13,1.46
2023-05-14,1.31
2023-05-15,1.06
2023-05-16,0.932
2023-05-17,0.826
2023-05-18,0.635
2023-05-19,0.471
2023-05-20,0.439
2023-05-21,0.543
2023-05-22,0.59
2023-05-23,0.508
2023-05-24,0.697
2023-05-25,0.872
2023-05-26,0.496
2023-05-27,0.411
2023-05-28,0.344
2023-05-29,0.269
2023-05-30,0.206
2023-05-31,0.186
2023-06-01,0.178
2023-06-02,0.168
2023-06-03,0.118
2023-06-04,0.177
2023-06-05,0.233
2023-06-06,0.464
2023-06-07,0.391
2023-06-08,0.27
2023-06-09,0.217
2023-06-10,0.182
2023-06-11,0.174
2023-06-12,0.175
2023-06-13,0.402
2023-06-14,0.719
2023-06-15,0.256
2023-06-16,0.245
2023-06-17,0.26
2023-06-18,0.356
2023-06-19,0.271
2023-06-20,0.236
2023-06-21,0.195
2023-06-22,0.164
2023-06-23,0.14
2023-06-24,0.162
2023-06-25,0.148
2023-06-26,0.209
2023-06-27,0.264
2023-06-28,0.226
2023-06-29,0.393
2023-06-30,0.668
2023-07-01,0.213
2023-07-02,0.35
2023-07-03,0.259
2023-07-04,0.213
2023-07-05,0.196
2023-07-06,0.191
2023-07-07,0.195
2023-07-08,0.174
2023-07-09,0.142
2023-07-10,0.174
2023-07-11,0.171
2023-07-12,0.128
2023-07-13,0.112
2023-07-14,0.121
2023-07-15,0.106
2023-07-16,0.322
2023-07-17,0.728
2023-07-18,0.713
2023-07-19,0.452
2023-07-20,0.276
2023-07-21,0.177
2023-07-22,0.132
2023-07-23,0.096
2023-07-24,0.072
2023-07-25,0.052
2023-07-26,0.033
2023-07-27,0.403
2023-07-28,1.19
2023-07-29,5.47
2023-07-30,3.29
2023-07-31,2.04
2023-08-01,1.07
2023-08-02,0.598
2023-08-03,0.466
2023-08-04,0.449
2023-08-05,0.338
2023-08-06,0.244
2023-08-07,0.169
2023-08-08,0.203
2023-08-09,0.199
2023-08-10,0.23
2023-08-11,0.973
2023-08-12,1.18
2023-08-13,1.65
2023-08-14,1.63
2023-08-15,1.08
2023-08-16,0.686
2023-08-17,0.494
2023-08-18,0.36
2023-08-19,0.295
2023-08-20,0.252
2023-08-21,0.223
2023-08-22,0.162
2023-08-23,0.162
2023-08-24,0.168
2023-08-25,0.136
2023-08-26,0.112
2023-08-27,0.112
2023-08-28,0.114
2023-08-29,0.105
2023-08-30,0.092
2023-08-31,0.11
2023-09-01,0.113
2023-09-02,0.161
2023-09-03,0.133
2023-09-04,0.097
2023-09-05,0.104
2023-09-06,0.105
2023-09-07,0.075
2023-09-08,0.059
2023-09-09,0.047
2023-09-10,0.05
2023-09-11,0.064
2023-09-12,0.068
2023-09-13,0.111
2023-09-14,0.097
2023-09-15,0.078
2023-09-16,0.063
2023-09-17,0.056
2023-09-18,0.056
2023-09-19,0.056
2023-09-20,0.056
2023-09-21,0.049
2023-09-22,0.042
2023-09-23,0.04
2023-09-24,0.045
2023-09-25,0.058
2023-09-26,0.045
2023-09-27,0.042
2023-09-28,0.034
2023-09-29,0.03
2023-09-30,0.03
2023-10-01,0.03
2023-10-02,0.028
2023-10-03,0.025
2023-10-04,0.022
2023-10-05,0.018
2023-10-06,0.02
2023-10-07,0.05
2023-10-08,0.895
2023-10-09,0.427
2023-10-10,0.338
2023-10-11,0.298
2023-10-12,0.273
2023-10-13,0.317
2023-10-14,0.246
2023-10-15,0.183
2023-10-16,0.136
2023-10-17,0.101
2023-10-18,0.095
2023-10-19,0.105
2023-10-20,0.223
2023-10-21,0.18
2023-10-22,0.223
2023-10-23,0.275
2023-10-24,0.37
2023-10-25,0.384
2023-10-26,0.424
2023-10-27,0.756
2023-10-28,0.735
2023-10-29,0.529
2023-10-30,0.462
2023-10-31,0.562
2023-11-01,0.531
2023-11-02,0.434
2023-11-03,0.379
2023-11-04,0.33
2023-11-05,0.283
2023-11-06,0.256
2023-11-07,0.3
2023-11-08,0.356
2023-11-09,0.389
2023-11-10,0.431
2023-11-11,0.565
2023-11-12,0.596
2023-11-13,0.509
2023-11-14,0.477
2023-11-15,0.498
2023-11-16,0.655
2023-11-17,0.648
2023-11-18,0.806
2023-11-19,0.834
2023-11-20,0.678
2023-11-21,0.533
2023-11-22,0.68
2023-11-23,1.39
2023-11-24,1.47
2023-11-25,1.13
2023-11-26,0.857
2023-11-27,0.92
2023-11-28,1.05
2023-11-29,0.854
2023-11-30,0.679
2023-12-01,0.612
2023-12-02,0.752
2023-12-03,1.19
2023-12-04,2.34
2023-12-05,2.38
2023-12-06,2.18
2023-12-07,2.51
2023-12-08,2.17
2023-12-09,1.42
2023-12-10,2.4
2023-12-11,4.96
2023-12-12,4.58
2023-12-13,2.99
2023-12-14,2.05
2023-12-15,1.75
2023-12-16,2.17
2023-12-17,2.04
2023-12-18,11.1
2023-12-19,12.7
2023-12-20,9.41
2023-12-21,5.82
2023-12-22,3.74
2023-12-23,2.88
2023-12-24,2.35
2023-12-25,2.11
2023-12-26,2.1
2023-12-27,2.22
2023-12-28,2.77
2023-12-29,4.09
2023-12-30,5.65
2023-12-31,4.52
2024-01-01,2.62
2024-01-02,1.69
2024-01-03,1.25
2024-01-04,1.07
2024-01-05,0.992
2024-01-06,0.947
2024-01-07,0.915
2024-01-08,0.915
2024-01-09,0.931
2024-01-10,1.93
2024-01-11,3.24
2024-01-12,2.73
2024-01-13,2.34
2024-01-14,2.14
2024-01-15,1.96
2024-01-16,1.79
2024-01-17,1.74
2024-01-18,1.64
2024-01-19,1.53
2024-01-20,1.47
2024-01-21,1.4
2024-01-22,1.32
2024-01-23,1.24
2024-01-24,1.17
2024-01-25,1.23
2024-01-26,1.51
2024-01-27,1.96
2024-01-28,2.04
2024-01-29,1.88
2024-01-30,1.63
2024-01-31,1.49
2024-02-01,1.45
2024-02-02,1.57
2024-02-03,1.55
2024-02-04,1.4
2024-02-05,1.26
2024-02-06,1.15
2024-02-07,1.04
2024-02-08,0.966
2024-02-09,0.941
2024-02-10,3.41
2024-02-11,7.38
2024-02-12,6.82
2024-02-13,4.77
2024-02-14,3.38
2024-02-15,2.6
2024-02-16,2.1
2024-02-17,1.77
2024-02-18,1.55
2024-02-19,1.41
2024-02-20,1.32
2024-02-21,1.26
2024-02-22,1.24
2024-02-23,1.5
2024-02-24,2.2
2024-02-25,1.78
2024-02-26,1.39
2024-02-27,1.75
2024-02-28,5.69
2024-02-29,8.49
2024-03-01,7.05
2024-03-02,4.1
2024-03-03,3.01
2024-03-04,4.32
2024-03-05,5.98
2024-03-06,8.43
2024-03-07,8.24
2024-03-08,6.07
2024-03-09,4.91
2024-03-10,12.6
2024-03-11,11.6
2024-03-12,8.84
2024-03-13,6.21
2024-03-14,5.02
2024-03-15,4.21
2024-03-16,3.65
2024-03-17,5.03
2024-03-18,6.11
2024-03-19,5.04
2024-03-20,4.65
2024-03-21,3.44
2024-03-22,2.1
2024-03-23,1.85
2024-03-24,1.56
2024-03-25,1.55
2024-03-26,1.49
2024-03-27,1.63
2024-03-28,1.68
2024-03-29,1.37
2024-03-30,1.18
2024-03-31,1.02
2024-04-01,0.904
2024-04-02,0.968
2024-04-03,1.04
2024-04-04,1.5
2024-04-05,2.84
2024-04-06,6.54
2024-04-07,7.82
2024-04-08,7.81
2024-04-09,6.12
2024-04-10,4.57
2024-04-11,3.92
2024-04-12,7.14
2024-04-13,8.86
2024-04-14,7.84
2024-04-15,6.32
2024-04-16,5.34
2024-04-17,3.64
2024-04-18,2.6
2024-04-19,4.36
2024-04-20,4.4
2024-04-21,3.31
2024-04-22,2.58
2024-04-23,2.21
2024-04-24,2.68
2024-04-25,3.41
2024-04-26,2.58
2024-04-27,2.0
2024-04-28,1.98
2024-04-29,1.74
2024-04-30,3.64
2024-05-01,6.35
2024-05-02,5.13
2024-05-03,3.62
2024-05-04,2.68
2024-05-05,3.17
2024-05-06,5.74
2024-05-07,3.98
2024-05-08,2.95
2024-05-09,3.04
2024-05-10,2.42
2024-05-11,2.0
2024-05-12,1.87
2024-05-13,1.92
2024-05-14,2.45
2024-05-15,2.63
2024-05-16,2.15
2024-05-17,1.64
2024-05-18,1.14
2024-05-19,1.02
2024-05-20,0.87
2024-05-21,0.753
2024-05-22,1.2
2024-05-23,1.54
2024-05-24,1.04
2024-05-25,0.658
2024-05-26,0.592
2024-05-27,0.563
2024-05-28,1.05
2024-05-29,1.32
2024-05-30,0.758
2024-05-31,0.559
2024-06-01,0.44
2024-06-02,0.367
2024-06-03,0.29
2024-06-04,0.25
2024-06-05,0.241
2024-06-06,0.243
2024-06-07,0.662
2024-06-08,1.06
2024-06-09,0.961
2024-06-10,0.908
2024-06-11,0.709
2024-06-12,0.555
2024-06-13,0.457
2024-06-14,0.409
2024-06-15,0.349
2024-06-16,0.284
2024-06-17,0.241
2024-06-18,0.224
2024-06-19,0.202
2024-06-20,0.186
2024-06-21,0.174
2024-06-22,0.166
2024-06-23,0.458
2024-06-24,9.0
2024-06-25,8.32
2024-06-26,5.0
2024-06-27,3.71
2024-06-28,2.58
2024-06-29,1.59
2024-06-30,1.46
2024-07-01,1.25
2024-07-02,0.825
2024-07-03,0.55
2024-07-04,0.583
2024-07-05,0.629
2024-07-06,0.586
2024-07-07,1.2
2024-07-08,1.38
2024-07-09,0.802
2024-07-10,1.59
2024-07-11,7.69
2024-07-12,7.8
2024-07-13,5.56
2024-07-14,2.92
2024-07-15,1.82
2024-07-16,1.33
2024-07-17,0.945
2024-07-18,0.819
2024-07-19,0.737
2024-07-20,0.552
2024-07-21,0.449
2024-07-22,0.384
2024-07-23,0.341
2024-07-24,0.391
2024-07-25,1.66
2024-07-26,2.1
2024-07-27,1.24
2024-07-28,0.76
2024-07-29,0.523
2024-07-30,0.488
2024-07-31,0.516
2024-08-01,0.423
2024-08-02,0.354
2024-08-03,0.315
2024-08-04,0.285
2024-08-05,0.256
2024-08-06,0.261
2024-08-07,0.268
2024-08-08,0.243
2024-08-09,10.2
2024-08-10,18.6
2024-08-11,16.1
2024-08-12,12.3
2024-08-13,7.07
2024-08-14,4.9
2024-08-15,3.82
2024-08-16,3.11
2024-08-17,2.63
2024-08-18,2.54
2024-08-19,2.79
2024-08-20,3.79
2024-08-21,4.72
2024-08-22,6.47
2024-08-23,5.76
2024-08-24,3.75
2024-08-25,2.01
2024-08-26,1.5
2024-08-27,1.16
2024-08-28,1.11
2024-08-29,0.813
2024-08-30,0.609
2024-08-31,0.66
2024-09-01,2.2
2024-09-02,4.2
2024-09-03,3.91
2024-09-04,2.14
2024-09-05,1.36
2024-09-06,0.95
2024-09-07,0.741
2024-09-08,1.19
2024-09-09,1.22
2024-09-10,1.06
2024-09-11,0.885
2024-09-12,0.756
2024-09-13,0.656
2024-09-14,0.597
2024-09-15,0.564
2024-09-16,0.499
2024-09-17,0.308
2024-09-18,0.292
2024-09-19,0.262
2024-09-20,0.249
2024-09-21,0.23
2024-09-22,0.223
2024-09-23,0.217
2024-09-24,0.205
2024-09-25,0.204
2024-09-26,0.456
2024-09-27,0.553
2024-09-28,0.333
2024-09-29,0.305
2024-09-30,0.273
2024-10-01,0.245
2024-10-02,0.27
2024-10-03,0.258
2024-10-04,0.318
2024-10-05,0.507
2024-10-06,0.246
2024-10-07,0.234
2024-10-08,0.189
2024-10-09,0.179
2024-10-10,0.318
2024-10-11,0.406
2024-10-12,0.185
2024-10-13,0.138
2024-10-14,0.123
2024-10-15,0.139
2024-10-16,0.152
2024-10-17,0.137
2024-10-18,0.16
2024-10-19,0.14
2024-10-20,0.113
2024-10-21,0.115
2024-10-22,0.13
2024-10-23,0.118
2024-10-24,0.11
2024-10-25,0.092
2024-10-26,0.093
2024-10-27,0.092
2024-10-28,0.089
2024-10-29,0.087
2024-10-30,0.208
2024-10-31,0.213
2024-11-01,0.25
2024-11-02,0.198
2024-11-03,0.168
2024-11-04,0.124
2024-11-05,0.158
2024-11-06,0.167
2024-11-07,0.166
2024-11-08,0.177
2024-11-09,0.157
2024-11-10,0.123
2024-11-11,0.256
2024-11-12,0.377
2024-11-13,0.347
2024-11-14,0.302
2024-11-15,0.264
2024-11-16,0.286
2024-11-17,0.256
2024-11-18,0.218
2024-11-19,0.201
2024-11-20,0.187
2024-11-21,0.221
2024-11-22,0.549
2024-11-23,0.958
2024-11-24,0.811
2024-11-25,0.668
2024-11-26,0.609
2024-11-27,0.756
2024-11-28,0.733
2024-11-29,0.697
2024-11-30,0.648
2024-12-01,0.588
2024-12-02,0.53
2024-12-03,0.481
2024-12-04,0.416
2024-12-05,0.467
2024-12-06,0.441
2024-12-07,0.41
2024-12-08,0.418
2024-12-09,0.439
2024-12-10,0.455
2024-12-11,1.05
2024-12-12,3.91
2024-12-13,3.6
2024-12-14,2.18
2024-12-15,1.33
2024-12-16,1.16
2024-12-17,2.97
2024-12-18,6.36
2024-12-19,5.63
2024-12-20,3.62
2024-12-21,2.09
2024-12-22,2.65
2024-12-23,2.19
2024-12-24,1.32
2024-12-25,0.787
2024-12-26,0.655
2024-12-27,0.633
2024-12-28,0.631
2024-12-29,0.68
2024-12-30,1.73
2024-12-31,5.06
2025-01-01,5.19
2025-01-02,4.17
2025-01-03,3.23
2025-01-04,2.63
2025-01-05,2.54
2025-01-06,2.7
2025-01-07,2.04
2025-01-08,1.6
2025-01-09,1.38
2025-01-10,1.14
2025-01-11,1.05
2025-01-12,1.03
2025-01-13,0.981
2025-01-14,0.975
2025-01-15,0.939
2025-01-16,0.919
2025-01-17,0.885
2025-01-18,0.865
2025-01-19,0.862
2025-01-20,0.822
2025-01-21,0.77
2025-01-22,0.746
2025-01-23,0.74
2025-01-24,0.761
2025-01-25,0.732
2025-01-26,0.727
2025-01-27,0.61
2025-01-28,0.417
2025-01-29,0.445
2025-01-30,0.487
2025-01-31,0.477
2025-02-01,0.47
2025-02-02,0.465
2025-02-03,0.459
2025-02-04,0.454
2025-02-05,0.449
2025-02-06,0.444
2025-02-07,0.442
2025-02-08,0.439
2025-02-09,0.437
2025-02-10,0.434
2025-02-11,0.432
2025-02-12,0.438
2025-02-13,0.516
2025-02-14,0.654
2025-02-15,0.781
2025-02-16,0.899
2025-02-17,0.98
2025-02-18,1.02
2025-02-19,1.03
2025-02-20,1.03
2025-02-21,1.03
2025-02-22,1.03
2025-02-23,1.04
2025-02-24,1.05
2025-02-25,1.1
2025-02-26,1.18
2025-02-27,1.14
2025-02-28,1.06
2025-03-01,0.984
2025-03-02,0.912
2025-03-03,0.915
2025-03-04,0.907
2025-03-05,1.04
2025-03-06,1.58
2025-03-07,1.98
2025-03-08,2.35
2025-03-09,2.68
2025-03-10,2.41
2025-03-11,2.57
2025-03-12,3.5
2025-03-13,3.81
2025-03-14,4.15
2025-03-15,4.46
2025-03-16,9.44
2025-03-17,22.7
2025-03-18,18.2
2025-03-19,20.1
2025-03-20,17.9
2025-03-21,18.7
2025-03-22,15.7
2025-03-23,11.5
2025-03-24,8.42
2025-03-25,7.16
2025-03-26,5.92
2025-03-27,5.33
2025-03-28,5.4
2025-03-29,4.88
2025-03-30,4.43
2025-03-31,12.2
2025-04-01,15.3
2025-04-02,12.2
2025-04-03,17.8
2025-04-04,19.2
2025-04-05,17.3
2025-04-06,14.2
2025-04-07,10.3
2025-04-08,8.07
2025-04-09,6.77
2025-04-10,6.34
2025-04-11,5.07
2025-04-12,4.14
2025-04-13,3.8
2025-04-14,3.4
2025-04-15,3.69
2025-04-16,3.36
2025-04-17,2.64
2025-04-18,2.23
2025-04-19,3.33
2025-04-20,4.17
2025-04-21,3.09
2025-04-22,2.67
2025-04-23,2.32
2025-04-24,2.0
2025-04-25,1.77
2025-04-26,1.73
2025-04-27,4.04
2025-04-28,5.32
2025-04-29,4.21
2025-04-30,2.8
2025-05-01,1.91
2025-05-02,1.81
2025-05-03,1.73
2025-05-04,1.52
2025-05-05,1.35
2025-05-06,1.7
2025-05-07,2.32
2025-05-08,1.9
2025-05-09,1.55
2025-05-10,1.36
2025-05-11,1.25
2025-05-12,1.05
2025-05-13,0.916
2025-05-14,0.78
2025-05-15,0.684
2025-05-16,0.653
2025-05-17,1.37
2025-05-18,1.96
2025-05-19,2.89
2025-05-20,1.95
2025-05-21,1.34
2025-05-22,0.973
2025-05-23,0.879
2025-05-24,0.842
2025-05-25,0.883
2025-05-26,1.04
2025-05-27,1.07
2025-05-28,0.834
2025-05-29,0.716
2025-05-30,0.709
2025-05-31,0.743
2025-06-01,0.755
2025-06-02,0.629
2025-06-03,0.359
2025-06-04,0.299
2025-06-05,0.266
2025-06-06,0.232
2025-06-07,0.213
2025-06-08,0.182
2025-06-09,0.235
2025-06-10,0.563
2025-06-11,0.526
2025-06-12,0.403
2025-06-13,0.304
2025-06-14,0.258
2025-06-15,0.212
2025-06-16,0.174
2025-06-17,0.175
2025-06-18,0.161
2025-06-19,0.141
2025-06-20,0.168
2025-06-21,0.156
2025-06-22,0.163
2025-06-23,0.147
2025-06-24,0.132
2025-06-25,0.112
2025-06-26,0.09
2025-06-27,0.085
2025-06-28,0.159
2025-06-29,0.211
2025-06-30,0.179
2025-07-01,0.525
2025-07-02,5.42
2025-07-03,13.2
2025-07-04,11.1
2025-07-05,6.09
2025-07-06,2.54
2025-07-07,1.49
2025-07-08,1.32
2025-07-09,1.04
2025-07-10,0.775
2025-07-11,0.6
2025-07-12,0.489
2025-07-13,0.444
2025-07-14,0.41
2025-07-15,0.464
2025-07-16,0.392
2025-07-17,0.394
2025-07-18,0.524
2025-07-19,0.475
2025-07-20,0.386
2025-07-21,0.364
2025-07-22,0.264
2025-07-23,0.194
2025-07-24,0.169
2025-07-25,0.152
2025-07-26,0.153
2025-07-27,0.15
2025-07-28,0.126
2025-07-29,0.104
2025-07-30,0.081
2025-07-31,0.078
2025-08-01,0.124
2025-08-02,0.107
2025-08-03,0.084
2025-08-04,0.072
2025-08-05,0.055
2025-08-06,0.042
2025-08-07,0.037
2025-08-08,0.033
2025-08-09,0.031
2025-08-10,0.03
2025-08-11,0.025
2025-08-12,0.033
2025-08-13,0.05
2025-08-14,0.065
2025-08-15,0.059
2025-08-16,0.047
2025-08-17,0.055
2025-08-18,0.087
2025-08-19,0.064
2025-08-20,0.051
2025-08-21,0.044
2025-08-22,0.04
2025-08-23,0.037
2025-08-24,0.042
2025-08-25,0.042
2025-08-26,0.037
2025-08-27,0.075
2025-08-28,0.056
2025-08-29,0.044
2025-08-30,0.042
2025-08-31,0.045
2025-09-01,0.048
2025-09-02,0.058
2025-09-03,0.054
2025-09-04,0.05
2025-09-05,0.048
2025-09-06,0.044
2025-09-07,0.04
2025-09-08,0.035
2025-09-09,0.028
2025-09-10,0.024
2025-09-11,0.024
2025-09-12,0.02
2025-09-13,0.02
2025-09-14,0.019
2025-09-15,0.018
2025-09-16,0.017
2025-09-17,0.017
2025-09-18,0.016
2025-09-19,0.016
2025-09-20,0.016
2025-09-21,0.019
2025-09-22,0.019
2025-09-23,0.03
2025-09-24,0.036
2025-09-25,0.044
2025-09-26,0.061
2025-09-27,0.049
2025-09-28,0.037
2025-09-29,0.032
2025-09-30,0.027
2025-10-01,0.028
2025-10-02,0.02
2025-10-03,0.022
2025-10-04,0.028
2025-10-05,0.03
2025-10-06,0.023
2025-10-07,0.042
2025-10-08,0.096
2025-10-09,0.051
2025-10-10,0.037
2025-10-11,0.034
2025-10-12,0.029
2025-10-13,0.029
2025-10-14,0.028
2025-10-15,0.027
2025-10-16,0.026
2025-10-17,0.027
2025-10-18,0.026
2025-10-19,0.026
2025-10-20,0.027
2025-10-21,0.094
2025-10-22,0.079
2025-10-23,0.074
2025-10-24,0.048
2025-10-25,0.036
2025-10-26,0.032
2025-10-27,0.03
2025-10-28,0.028
2025-10-29,0.026
2025-10-30,0.054
2025-10-31,1.73
2025-11-01,2.62
2025-11-02,1.13
2025-11-03,0.63
2025-11-04,0.683
2025-11-05,0.643
2025-11-06,1.21
2025-11-07,1.01
2025-11-08,0.852
2025-11-09,0.724
2025-11-10,0.688
2025-11-11,0.652
2025-11-12,0.597
2025-11-13,0.779
2025-11-14,1.31
2025-11-15,1.22
2025-11-16,2.15
2025-11-17,2.3
2025-11-18,1.68
2025-11-19,1.23
2025-11-20,0.931
2025-11-21,0.837
2025-11-22,0.883
2025-11-23,0.94
2025-11-24,0.964
2025-11-25,0.916
2025-11-26,1.37
2025-11-27,2.91
2025-11-28,2.59
2025-11-29,1.69
2025-11-30,1.21
2025-12-01,0.906
2025-12-02,0.728
2025-12-03,0.649
2025-12-04,0.585
2025-12-05,0.533
2025-12-06,0.501
2025-12-07,0.477
2025-12-08,0.457
2025-12-09,0.44
2025-12-10,0.427
2025-12-11,0.417
2025-12-12,0.409
2025-12-13,0.404
2025-12-14,0.401
2025-12-15,0.4
2025-12-16,0.4
2025-12-17,0.403
2025-12-18,0.408
2025-12-19,1.39
2025-12-20,2.79
2025-12-21,2.15
2025-12-22,1.45
2025-12-23,1.13
2025-12-24,0.951
2025-12-25,0.846
2025-12-26,0.782
2025-12-27,0.707
2025-12-28,0.626
2025-12-29,0.614
2025-12-30,0.643
2025-12-31,0.674
