Basin ID,Issue Date,Lead Time (Days),DA Window (Days),Distance to Forecast (Days),Base NSE,Base KGE,DA NSE,DA KGE,NSE Delta,KGE Delta
camels_12451000,2020-03-31,5,60,7,-0.224,-0.203,-0.218,-0.19,0.006,0.013
camels_12377150,2020-03-31,5,60,7,-0.25,-0.204,-0.25,-0.207,0.001,-0.003
camels_12115000,2020-03-31,5,60,7,0.638,0.54,0.719,0.693,0.081,0.153
camels_12451000,2020-06-30,5,60,7,0.824,0.8,0.857,0.855,0.033,0.054
camels_12377150,2020-06-30,5,60,7,0.196,0.011,0.601,0.486,0.406,0.475
camels_12115000,2020-06-30,5,60,7,0.7,0.612,0.706,0.638,0.007,0.026
camels_12451000,2020-09-30,5,60,7,0.745,0.733,0.748,0.744,0.003,0.011
camels_12377150,2020-09-30,5,60,7,0.16,0.017,0.186,0.05,0.027,0.033
camels_12115000,2020-09-30,5,60,7,0.678,0.621,0.678,0.622,-0.0,0.001
camels_12451000,2020-12-24,5,60,7,0.631,0.637,0.663,0.655,0.032,0.017
camels_12377150,2020-12-24,5,60,7,0.115,-0.022,0.116,-0.015,0.001,0.008
camels_12115000,2020-12-24,5,60,7,0.493,0.49,0.509,0.504,0.015,0.014
